name,link,date_of_birth,age,height,weight,spike,block,age_in_2018
Lenka Dürr,/en/competition/teams/ger-germany/players/lenka-d%c3%bcrr?id=69313,10/12/1990,30,171,59,280.0,270,28
Pia Kästner,/en/competition/teams/ger-germany/players/pia-k%c3%a4stner?id=69320,29/06/1998,22,182,68,297.0,286,20
Denise Hanke,/en/competition/teams/ger-germany/players/denise-hanke?id=69317,31/08/1989,31,183,73,297.0,284,29
Maren Fromm,/en/competition/teams/ger-germany/players/maren-fromm?id=69314,10/07/1986,34,184,68,303.0,295,32
Jana Franziska Poll,/en/competition/teams/ger-germany/players/jana-franziska-poll?id=69325,07/05/1988,32,185,69,310.0,290,30
Jennifer Geerties,/en/competition/teams/ger-germany/players/jennifer-geerties?id=69315,05/04/1994,26,184,58,298.0,288,24
Kathleen Weiß,/en/competition/teams/ger-germany/players/kathleen-wei%c3%9f?id=69331,02/02/1984,36,171,66,290.0,273,34
Kimberly Drewniok,/en/competition/teams/ger-germany/players/kimberly-drewniok?id=69312,11/08/1997,23,188,73,311.0,298,21
Nele Barber,/en/competition/teams/ger-germany/players/nele-barber?id=69311,27/10/1994,26,183,55,290.0,280,24
Lena Stigrot,/en/competition/teams/ger-germany/players/lena-stigrot?id=69328,20/12/1994,26,184,68,303.0,295,24
Louisa Lippmann,/en/competition/teams/ger-germany/players/louisa-lippmann?id=69322,23/09/1994,26,191,78,319.0,312,24
Hanna Orthmann,/en/competition/teams/ger-germany/players/hanna-orthmann?id=69323,03/10/1998,22,188,74,302.0,291,20
Saskia Hippe,/en/competition/teams/ger-germany/players/saskia-hippe?id=69318,16/01/1991,29,185,67,315.0,292,27
Marie Schölzel,/en/competition/teams/ger-germany/players/marie-sch%c3%b6lzel?id=69326,01/08/1997,23,188,66,307.0,299,21
Barbara Roxana Wezorke,/en/competition/teams/ger-germany/players/barbara-roxana-wezorke?id=69332,12/04/1993,27,185,75,305.0,290,25
Lisa Thomsen,/en/competition/teams/ger-germany/players/lisa-thomsen?id=69329,20/08/1985,35,172,68,290.0,285,33
Anna Pogany,/en/competition/teams/ger-germany/players/anna-pogany?id=69324,21/07/1994,26,170,60,280.0,270,24
Leonie Schwertmann,/en/competition/teams/ger-germany/players/leonie-schwertmann?id=69327,12/01/1994,26,190,80,300.0,290,24
Juliane Langgemach,/en/competition/teams/ger-germany/players/juliane-langgemach?id=69321,06/11/1994,26,188,73,295.0,285,24
Ivana Vanjak,/en/competition/teams/ger-germany/players/ivana-vanjak?id=69330,30/05/1995,25,190,70,315.0,306,23
Lisa Gründing,/en/competition/teams/ger-germany/players/lisa-gr%c3%bcnding?id=69316,02/12/1991,29,186,68,303.0,291,27
Denise Imoudu,/en/competition/teams/ger-germany/players/denise-imoudu?id=69319,14/12/1995,25,180,67,290.0,280,23
Miyu Nagaoka,/en/competition/teams/jpn-japan/players/miyu-nagaoka?id=68761,25/07/1991,29,179,64,308.0,303,27
Sarina Koga,/en/competition/teams/jpn-japan/players/sarina-koga?id=68748,21/05/1996,24,180,67,302.0,290,22
Nana Iwasaka,/en/competition/teams/jpn-japan/players/nana-iwasaka?id=68746,03/07/1990,30,187,75,297.0,293,28
Risa Shinnabe,/en/competition/teams/jpn-japan/players/risa-shinnabe?id=68755,11/07/1990,30,173,64,292.0,285,28
Erika Shinomiya,/en/competition/teams/jpn-japan/players/erika-shinomiya?id=68741,03/08/1984,36,186,81,302.0,297,34
Yuki Ishii,/en/competition/teams/jpn-japan/players/yuki-ishii?id=68745,08/05/1991,29,180,68,305.0,287,27
Mami Uchiseto,/en/competition/teams/jpn-japan/players/mami-uchiseto?id=68759,25/10/1991,29,170,74,295.0,285,27
Haruyo Shimamura,/en/competition/teams/jpn-japan/players/haruyo-shimamura?id=68754,04/03/1992,28,182,78,297.0,290,26
Koyomi Iwasaki,/en/competition/teams/jpn-japan/players/koyomi-iwasaki?id=68758,01/05/1989,31,175,68,295.0,280,29
Yurie Nabeya,/en/competition/teams/jpn-japan/players/yurie-nabeya?id=68750,15/12/1993,27,176,55,305.0,292,25
Miya Sato,/en/competition/teams/jpn-japan/players/miya-sato?id=68753,07/03/1990,30,175,62,278.0,275,28
Mai Okumura,/en/competition/teams/jpn-japan/players/mai-okumura?id=68752,31/10/1990,30,177,69,295.0,285,28
Kotoe Inoue,/en/competition/teams/jpn-japan/players/kotoe-inoue?id=68744,15/02/1990,30,162,55,286.0,275,28
Mako Kobata,/en/competition/teams/jpn-japan/players/mako-kobata?id=68747,15/08/1992,28,164,56,285.0,274,26
Rika Nomoto,/en/competition/teams/jpn-japan/players/rika-nomoto?id=68751,21/09/1991,29,180,72,308.0,291,27
Saori Takahashi,/en/competition/teams/jpn-japan/players/saori-takahashi?id=68756,09/12/1992,28,177,66,307.0,290,26
Mari Horikawa,/en/competition/teams/jpn-japan/players/mari-horikawa?id=68742,03/05/1992,28,183,72,301.0,288,26
Arisa Inoue,/en/competition/teams/jpn-japan/players/arisa-inoue?id=68743,08/05/1995,25,178,66,300.0,285,23
Ai Kurogo,/en/competition/teams/jpn-japan/players/ai-kurogo?id=68749,14/06/1998,22,180,69,306.0,295,20
Kanami Tashiro,/en/competition/teams/jpn-japan/players/kanami-tashiro?id=68757,25/03/1991,29,173,66,284.0,273,27
Akane Moriya,/en/competition/teams/jpn-japan/players/akane-moriya?id=68760,08/01/1991,29,165,55,280.0,260,27
Aika Akutagawa,/en/competition/teams/jpn-japan/players/aika-akutagawa?id=68740,03/04/1991,29,180,62,300.0,280,27
Uxue Amaya Guereca Parra,/en/competition/teams/mex-mexico/players/uxue-amaya-guereca-parra?id=69375,12/02/2001,19,176,64,270.0,259,17
Lizette Lopez Robles,/en/competition/teams/mex-mexico/players/lizette-lopez-robles?id=69380,14/05/1990,30,164,65,275.0,245,28
Sanay Sashiko,/en/competition/teams/mex-mexico/players/sanay-sashiko?id=69394,13/05/1995,25,170,63,305.0,298,23
Ana Nieto,/en/competition/teams/mex-mexico/players/ana-nieto?id=69385,18/01/1994,26,182,61,298.0,291,24
Andrea Rangel,/en/competition/teams/mex-mexico/players/andrea-rangel?id=69387,19/05/1993,27,180,57,297.0,289,25
Samantha Bricio,/en/competition/teams/mex-mexico/players/samantha-bricio?id=69369,22/11/1994,26,185,58,302.0,283,24
Natalie Nizeth Nava Minjarez,/en/competition/teams/mex-mexico/players/natalie-nizeth-nava-minjarez?id=69384,19/10/2000,20,180,76,295.0,288,18
Dulce Carranza,/en/competition/teams/mex-mexico/players/dulce-carranza?id=69370,29/06/1990,30,178,83,275.0,252,28
Diana Valdez,/en/competition/teams/mex-mexico/players/diana-valdez?id=69391,11/01/1997,23,174,64,290.0,276,21
Lizbeth Sainz,/en/competition/teams/mex-mexico/players/lizbeth-sainz?id=69396,14/12/1995,25,178,55,295.0,285,23
Jocelyn Urias,/en/competition/teams/mex-mexico/players/jocelyn-urias?id=69390,16/02/1996,24,190,65,296.0,284,22
Joseline Landeros Palacios,/en/competition/teams/mex-mexico/players/joseline-landeros-palacios?id=69376,20/12/2000,20,169,60,265.0,249,18
Monica Moreno Hernandez,/en/competition/teams/mex-mexico/players/monica-moreno-hernandez?id=69383,27/04/1995,25,185,83,292.0,289,23
Grecia Esther Castro López,/en/competition/teams/mex-mexico/players/grecia-esther-castro-l%c3%b3pez?id=69371,05/03/2001,19,180,75,255.0,241,17
Ana Valle,/en/competition/teams/mex-mexico/players/ana-valle?id=69392,31/05/1996,24,194,89,310.0,297,22
Melanie Guadalupe Parra Quintero,/en/competition/teams/mex-mexico/players/melanie-guadalupe-parra-quintero?id=69386,12/09/2002,18,176,50,249.0,242,16
Karina Angelica Flores Gamez,/en/competition/teams/mex-mexico/players/karina-angelica-flores-gamez?id=69373,16/08/1998,22,192,80,299.0,285,20
Daniela Bernal Barraza,/en/competition/teams/mex-mexico/players/daniela-bernal-barraza?id=69395,03/05/2000,20,180,73,262.0,254,18
Ivone Martinez,/en/competition/teams/mex-mexico/players/ivone-martinez?id=69382,02/03/1997,23,172,56,310.0,302,21
Andrea Maldonado,/en/competition/teams/mex-mexico/players/andrea-maldonado?id=69381,08/09/1991,29,179,78,292.0,294,27
Renata López Morales,/en/competition/teams/mex-mexico/players/renata-l%c3%b3pez-morales?id=69378,15/02/2001,19,185,74,291.0,283,17
Valeria Salinas González,/en/competition/teams/mex-mexico/players/valeria-salinas-gonz%c3%a1lez?id=69389,02/06/2000,20,175,70,265.0,252,18
Kirsten Knip,/en/competition/teams/ned-netherlands/players/kirsten-knip?id=67327,14/09/1992,28,175,70,281.0,275,26
Femke Stoltenborg,/en/competition/teams/ned-netherlands/players/femke-stoltenborg?id=67338,30/07/1991,29,189,81,303.0,299,27
Yvon Belien,/en/competition/teams/ned-netherlands/players/yvon-belien?id=67319,28/12/1993,27,188,73,307.0,303,25
Celeste Plak,/en/competition/teams/ned-netherlands/players/celeste-plak?id=67334,26/10/1995,25,190,87,314.0,302,23
Robin De Kruijf,/en/competition/teams/ned-netherlands/players/robin-de-kruijf?id=67323,05/05/1991,29,192,81,313.0,300,27
Maret Balkestein-Grothues,/en/competition/teams/ned-netherlands/players/maret-balkestein-grothues?id=67318,16/09/1988,32,180,68,304.0,285,30
Juliet Lohuis,/en/competition/teams/ned-netherlands/players/juliet-lohuis?id=67331,10/09/1996,24,190,77,305.0,295,22
Sarah Van Aalen,/en/competition/teams/ned-netherlands/players/sarah-van-aalen?id=67339,21/01/2000,20,183,68,300.0,293,18
Myrthe Schoot,/en/competition/teams/ned-netherlands/players/myrthe-schoot?id=67340,29/08/1988,32,182,70,298.0,286,30
Lonneke Slöetjes,/en/competition/teams/ned-netherlands/players/lonneke-sl%c3%b6etjes?id=67336,15/11/1990,30,191,76,322.0,315,28
Anne Buijs,/en/competition/teams/ned-netherlands/players/anne-buijs?id=67321,02/12/1991,29,191,73,317.0,299,27
Britt Bongaerts,/en/competition/teams/ned-netherlands/players/britt-bongaerts?id=67320,03/11/1996,24,185,68,296.0,284,22
Demi Korevaar,/en/competition/teams/ned-netherlands/players/demi-korevaar?id=67329,09/08/2000,20,187,71,311.0,303,18
Laura Dijkema,/en/competition/teams/ned-netherlands/players/laura-dijkema?id=67324,18/02/1990,30,184,70,293.0,279,28
Nicole Oude Luttikhuis,/en/competition/teams/ned-netherlands/players/nicole-oude-luttikhuis?id=67333,26/12/1997,23,191,82,312.0,305,21
Marrit Jasper,/en/competition/teams/ned-netherlands/players/marrit-jasper?id=67326,28/02/1996,24,180,75,300.0,285,22
Nika Daalderop,/en/competition/teams/ned-netherlands/players/nika-daalderop?id=67322,29/11/1998,22,189,72,317.0,308,20
Tessa Polder,/en/competition/teams/ned-netherlands/players/tessa-polder?id=67335,10/10/1997,23,189,76,301.0,293,21
Dagmar Boom,/en/competition/teams/ned-netherlands/players/dagmar-boom?id=69175,01/05/2000,20,181,69,296.0,291,18
Nicole Koolhaas,/en/competition/teams/ned-netherlands/players/nicole-koolhaas?id=67328,31/01/1991,29,198,77,310.0,300,27
Indy Baijens,/en/competition/teams/ned-netherlands/players/indy-baijens?id=67317,04/02/2001,19,190,67,317.0,312,17
Annick Meijers,/en/competition/teams/ned-netherlands/players/annick-meijers?id=67332,23/03/2000,20,188,70,310.0,301,18
Gergana Dimitrova,/en/competition/teams/bul-bulgaria/players/gergana-dimitrova?id=68902,28/02/1996,24,184,71,305.0,288,22
Nasya Dimitrova,/en/competition/teams/bul-bulgaria/players/nasya-dimitrova?id=68903,06/11/1992,28,190,70,305.0,290,26
Kristiana Petrova,/en/competition/teams/bul-bulgaria/players/kristiana-petrova?id=68911,13/07/1997,23,177,70,290.0,282,21
Veselina Arshinkova,/en/competition/teams/bul-bulgaria/players/veselina-arshinkova?id=68904,06/09/1995,25,194,80,303.0,292,23
Miroslava Paskova,/en/competition/teams/bul-bulgaria/players/miroslava-paskova?id=68910,16/02/1996,24,180,67,299.0,280,22
Lora Kitipova,/en/competition/teams/bul-bulgaria/players/lora-kitipova?id=68907,19/05/1991,29,184,66,290.0,283,27
Petya Barakova,/en/competition/teams/bul-bulgaria/players/petya-barakova?id=68900,18/06/1994,26,180,76,283.0,271,24
Monika Krasteva,/en/competition/teams/bul-bulgaria/players/monika-krasteva?id=68908,09/05/1999,21,183,64,292.0,285,19
Mira Todorova,/en/competition/teams/bul-bulgaria/players/mira-todorova?id=68914,12/04/1994,26,187,73,312.0,300,24
Hristina Ruseva,/en/competition/teams/bul-bulgaria/players/hristina-ruseva?id=68913,01/10/1991,29,190,77,305.0,290,27
Mariya Karakasheva,/en/competition/teams/bul-bulgaria/players/mariya-karakasheva?id=68906,27/10/1988,32,182,68,295.0,290,30
Ivelina Monova,/en/competition/teams/bul-bulgaria/players/ivelina-monova?id=68909,17/01/1986,34,173,58,285.0,280,32
Zhana Todorova,/en/competition/teams/bul-bulgaria/players/zhana-todorova?id=68915,06/01/1997,23,170,56,271.0,255,21
Elitsa Vasileva,/en/competition/teams/bul-bulgaria/players/elitsa-vasileva?id=69038,13/05/1990,30,190,73,302.0,290,28
Silvana Chausheva,/en/competition/teams/bul-bulgaria/players/silvana-chausheva?id=68901,19/05/1995,25,188,75,305.0,290,23
Kristina Guncheva,/en/competition/teams/bul-bulgaria/players/kristina-guncheva?id=68905,24/03/1994,26,178,61,282.0,271,24
Vangeliya Rachkovska,/en/competition/teams/bul-bulgaria/players/vangeliya-rachkovska?id=68912,19/07/1997,23,185,67,296.0,281,21
Jessica Niles,/en/competition/teams/can-canada/players/jessica-niles?id=68950,14/07/1993,27,176,61,287.0,278,25
Autumn Bailey,/en/competition/teams/can-canada/players/autumn-bailey?id=68938,02/06/1995,25,178,80,300.0,280,23
Kyla Richey,/en/competition/teams/can-canada/players/kyla-richey?id=68952,20/06/1989,31,188,83,309.0,292,29
Danielle Smith,/en/competition/teams/can-canada/players/danielle-smith?id=68954,29/04/1990,30,178,68,291.0,277,28
Alissa Coulter,/en/competition/teams/can-canada/players/alissa-coulter?id=68943,27/10/1993,27,184,74,301.0,288,25
Brianna Beamish,/en/competition/teams/can-canada/players/brianna-beamish?id=68939,04/09/1993,27,179,71,300.0,286,25
Alicia Ogoms,/en/competition/teams/can-canada/players/alicia-ogoms?id=68951,02/04/1994,26,194,82,315.0,305,24
Alexa Gray,/en/competition/teams/can-canada/players/alexa-gray?id=68958,07/08/1994,26,185,75,323.0,215,24
Anna Feore,/en/competition/teams/can-canada/players/anna-feore?id=68946,23/11/1996,24,175,63,299.0,290,22
Jennifer Cross,/en/competition/teams/can-canada/players/jennifer-cross?id=68944,04/07/1992,28,195,81,315.0,296,26
Lucille Charuk,/en/competition/teams/can-canada/players/lucille-charuk?id=68941,13/08/1989,31,188,88,315.0,296,29
Kelsey Veltman,/en/competition/teams/can-canada/players/kelsey-veltman?id=68956,02/04/1996,24,189,78,310.0,295,22
Sarah Chase,/en/competition/teams/can-canada/players/sarah-chase?id=68942,08/10/1997,23,180,70,302.0,276,21
Shainah Joseph,/en/competition/teams/can-canada/players/shainah-joseph?id=68947,15/05/1995,25,183,78,329.0,292,23
Kristen Moncks,/en/competition/teams/can-canada/players/kristen-moncks?id=68949,31/07/1992,28,175,72,287.0,244,26
Kim Robitaille,/en/competition/teams/can-canada/players/kim-robitaille?id=68953,16/10/1991,29,179,59,302.0,283,27
Marie-Alex Bélanger,/en/competition/teams/can-canada/players/marie-alex-b%c3%a9langer?id=68940,13/04/1993,27,186,75,315.0,295,25
Alicia Perrin,/en/competition/teams/can-canada/players/alicia-perrin?id=68957,01/06/1992,28,188,84,305.0,286,26
Mariah Walsh,/en/competition/teams/can-canada/players/mariah-walsh?id=69397,09/10/1994,26,172,56,288.0,284,24
Megan Cyr,/en/competition/teams/can-canada/players/megan-cyr?id=68945,01/06/1990,30,182,75,297.0,282,28
Emily Maglio,/en/competition/teams/can-canada/players/emily-maglio?id=68948,13/11/1996,24,189,82,318.0,302,22
Kiera Van Ryk,/en/competition/teams/can-canada/players/kiera-van-ryk?id=68955,06/01/1999,21,188,85,302.0,288,19
Xinyue Yuan,/en/competition/teams/chn-china/players/xinyue-yuan?id=69282,21/12/1996,24,201,78,317.0,311,22
Ting Zhu,/en/competition/teams/chn-china/players/ting-zhu?id=69286,29/11/1994,26,198,78,327.0,300,24
Fangxu Yang,/en/competition/teams/chn-china/players/fangxu-yang?id=69280,06/10/1994,26,190,82,308.0,300,24
Hanyu Yang,/en/competition/teams/chn-china/players/hanyu-yang?id=69288,12/10/1999,21,192,72,317.0,311,19
Mingyuan Hu,/en/competition/teams/chn-china/players/mingyuan-hu?id=69271,17/05/1996,24,187,69,305.0,297,22
Xiangyu Gong,/en/competition/teams/chn-china/players/xiangyu-gong?id=69270,21/04/1997,23,186,72,313.0,302,21
Luyao Xu,/en/competition/teams/chn-china/players/luyao-xu?id=69278,18/08/2000,20,192,90,305.0,295,18
Chunlei Zeng,/en/competition/teams/chn-china/players/chunlei-zeng?id=69283,03/11/1989,31,187,67,315.0,315,29
Changning Zhang,/en/competition/teams/chn-china/players/changning-zhang?id=69284,06/11/1995,25,193,80,315.0,303,23
Xiaotong Liu,/en/competition/teams/chn-china/players/xiaotong-liu?id=69274,16/02/1990,30,188,80,312.0,300,28
Di Yao,/en/competition/teams/chn-china/players/di-yao?id=69281,15/08/1992,28,182,65,306.0,298,26
Yingying Li,/en/competition/teams/chn-china/players/yingying-li?id=69272,19/02/2000,20,192,71,302.0,294,18
Linyu Diao,/en/competition/teams/chn-china/players/linyu-diao?id=69287,07/04/1994,26,182,69,309.0,303,24
Yixin Zheng,/en/competition/teams/chn-china/players/yixin-zheng?id=69285,06/05/1995,25,187,71,316.0,307,23
Li Lin,/en/competition/teams/chn-china/players/li-lin?id=69273,05/07/1992,28,171,65,294.0,294,26
Xia Ding,/en/competition/teams/chn-china/players/xia-ding?id=69267,13/01/1990,30,180,67,305.0,300,28
Ni Yan,/en/competition/teams/chn-china/players/ni-yan?id=69279,02/03/1987,33,192,74,317.0,306,31
Mengjie Wang,/en/competition/teams/chn-china/players/mengjie-wang?id=69277,14/11/1995,25,172,65,289.0,280,23
Yanhan Liu,/en/competition/teams/chn-china/players/yanhan-liu?id=69275,19/01/1993,27,188,75,315.0,305,25
Fang Duan,/en/competition/teams/chn-china/players/fang-duan?id=69268,26/12/1994,26,186,73,301.0,296,24
Yi Gao,/en/competition/teams/chn-china/players/yi-gao?id=69269,22/07/1998,22,193,66,304.0,298,20
Zixuan Meng,/en/competition/teams/chn-china/players/zixuan-meng?id=69276,18/11/1996,24,180,62,298.0,290,22
Claudia Hernandez Aguila,/en/competition/teams/cub-cuba/players/claudia-hernandez-aguila?id=67901,09/01/1997,23,181,78,225.0,223,21
Regla Rainierys Gracia Gonzalez,/en/competition/teams/cub-cuba/players/regla-rainierys-gracia-gonzalez?id=67900,28/05/1993,27,177,67,301.0,282,25
Lianny Tamayo Canton,/en/competition/teams/cub-cuba/players/lianny-tamayo-canton?id=67913,30/04/1999,21,178,58,295.0,290,19
Yamila Hernandez Santas,/en/competition/teams/cub-cuba/players/yamila-hernandez-santas?id=67902,08/11/1992,28,182,69,301.0,285,26
Daymara Lescay Cajigal,/en/competition/teams/cub-cuba/players/daymara-lescay-cajigal?id=67903,05/09/1992,28,184,72,310.0,305,26
Evilania Martinez Luis,/en/competition/teams/cub-cuba/players/evilania-martinez-luis?id=67997,11/01/2000,20,184,71,305.0,300,18
Diaris Perez Ramos,/en/competition/teams/cub-cuba/players/diaris-perez-ramos?id=67910,16/11/1998,22,182,75,304.0,295,20
Dayessi Luis Ruiz,/en/competition/teams/cub-cuba/players/dayessi-luis-ruiz?id=67904,23/10/1996,24,170,60,288.0,248,22
Emily Borrell Cruz,/en/competition/teams/cub-cuba/players/emily-borrell-cruz?id=67898,19/02/1992,28,167,55,270.0,260,26
Gretell Elena Moreno Borrero,/en/competition/teams/cub-cuba/players/gretell-elena-moreno-borrero?id=67907,30/01/1998,22,183,68,287.0,280,20
Ailama Cese Montalvo,/en/competition/teams/cub-cuba/players/ailama-cese-montalvo?id=67899,29/10/2000,20,188,58,322.0,308,18
Yamisleydis Viltres Pacheco,/en/competition/teams/cub-cuba/players/yamisleydis-viltres-pacheco?id=67915,26/07/2001,19,189,73,247.0,244,17
Jessica Aguilera Carbajal,/en/competition/teams/cub-cuba/players/jessica-aguilera-carbajal?id=67897,25/05/1999,21,184,68,311.0,302,19
Kitania Medina Torres,/en/competition/teams/cub-cuba/players/kitania-medina-torres?id=67906,24/02/1999,21,186,77,308.0,295,19
Odaimis Naomis Leliebre Palma,/en/competition/teams/cub-cuba/players/odaimis-naomis-leliebre-palma?id=67996,16/01/2001,19,175,70,228.0,226,17
Laura Beatriz Suarez Hernandez,/en/competition/teams/cub-cuba/players/laura-beatriz-suarez-hernandez?id=67912,13/12/1998,22,185,75,304.0,292,20
Thalia Moreno Reyes,/en/competition/teams/cub-cuba/players/thalia-moreno-reyes?id=67908,10/04/2002,18,189,76,315.0,308,16
Heidy Margarita Rodriguez Lopez,/en/competition/teams/cub-cuba/players/heidy-margarita-rodriguez-lopez?id=68787,24/06/1993,27,187,66,312.0,308,25
Egli Sabin Terry,/en/competition/teams/cub-cuba/players/egli-sabin-terry?id=67911,25/11/1991,29,187,76,315.0,308,27
Daima Del Rió Preval,/en/competition/teams/cub-cuba/players/daima-del-ri%c3%b3-preval?id=67994,09/09/2000,20,180,77,236.0,234,18
Yaimaris De Los Angeles Garcia Victoria,/en/competition/teams/cub-cuba/players/yaimaris-de-los-angeles-garcia-victoria?id=67995,03/12/2002,18,183,73,265.0,258,16
Ivy May Vila Wittingham,/en/competition/teams/cub-cuba/players/ivy-may-vila-wittingham?id=67914,22/07/2001,19,181,78,235.0,232,17
Serena Ortolani,/en/competition/teams/ita-italy/players/serena-ortolani?id=68935,07/01/1987,33,187,63,320.0,240,31
Laura Melandri,/en/competition/teams/ita-italy/players/laura-melandri?id=68928,31/01/1995,25,184,60,305.0,236,23
Carlotta Cambi,/en/competition/teams/ita-italy/players/carlotta-cambi?id=68918,28/05/1996,24,177,66,302.0,292,22
Rachele Morello,/en/competition/teams/ita-italy/players/rachele-morello?id=68930,07/11/2000,20,185,77,295.0,274,18
Ofelia Malinov,/en/competition/teams/ita-italy/players/ofelia-malinov?id=68927,29/02/1996,24,185,70,304.0,285,22
Monica De Gennaro,/en/competition/teams/ita-italy/players/monica-de-gennaro?id=68922,08/01/1987,33,174,67,292.0,217,31
Sylvia Chinelo Nwakalor,/en/competition/teams/ita-italy/players/sylvia-chinelo-nwakalor?id=68932,12/08/1999,21,180,70,330.0,312,19
Alessia Orro,/en/competition/teams/ita-italy/players/alessia-orro?id=68934,18/07/1998,22,180,74,308.0,231,20
Caterina Bosetti,/en/competition/teams/ita-italy/players/caterina-bosetti?id=68916,02/02/1994,26,179,59,299.0,281,24
Cristina Chirichella,/en/competition/teams/ita-italy/players/cristina-chirichella?id=68919,10/02/1994,26,194,79,322.0,306,24
Anna Danesi,/en/competition/teams/ita-italy/players/anna-danesi?id=68920,20/04/1996,24,198,78,312.0,294,22
Anastasia Guerra,/en/competition/teams/ita-italy/players/anastasia-guerra?id=68925,15/10/1996,24,187,69,312.0,294,22
Sarah Luisa Fahr,/en/competition/teams/ita-italy/players/sarah-luisa-fahr?id=68923,12/09/2001,19,194,84,322.0,306,17
Elena Pietrini,/en/competition/teams/ita-italy/players/elena-pietrini?id=68937,17/03/2000,20,190,73,330.0,306,18
Marina Lubian,/en/competition/teams/ita-italy/players/marina-lubian?id=68926,11/04/2000,20,195,73,318.0,300,18
Lucia Bosetti,/en/competition/teams/ita-italy/players/lucia-bosetti?id=68917,09/07/1989,31,178,63,310.0,292,29
Miryam Fatime Sylla,/en/competition/teams/ita-italy/players/miryam-fatime-sylla?id=68924,08/01/1995,25,184,80,320.0,240,23
Paola Ogechi Egonu,/en/competition/teams/ita-italy/players/paola-ogechi-egonu?id=68933,18/12/1998,22,193,80,344.0,321,20
Camilla Mingardi,/en/competition/teams/ita-italy/players/camilla-mingardi?id=68929,19/10/1997,23,182,86,300.0,280,21
Beatrice Parrocchiale,/en/competition/teams/ita-italy/players/beatrice-parrocchiale?id=68936,26/12/1995,25,168,59,286.0,258,23
Chiara De Bortoli,/en/competition/teams/ita-italy/players/chiara-de-bortoli?id=68921,28/07/1997,23,177,61,308.0,286,21
Anna Nicoletti,/en/competition/teams/ita-italy/players/anna-nicoletti?id=68931,03/01/1996,24,193,86,306.0,290,22
Gizem Orge,/en/competition/teams/tur-turkey/players/gizem-orge?id=69136,26/04/1993,27,170,59,270.0,260,25
Simge Sebnem Akoz,/en/competition/teams/tur-turkey/players/simge-sebnem-akoz?id=69120,23/04/1991,29,168,56,250.0,245,27
Cansu Özbay,/en/competition/teams/tur-turkey/players/cansu-%c3%b6zbay?id=69137,17/10/1996,24,182,78,298.0,290,22
Beyza Arici,/en/competition/teams/tur-turkey/players/beyza-arici?id=69121,27/07/1995,25,193,83,303.0,294,23
Seyma Ercan,/en/competition/teams/tur-turkey/players/seyma-ercan?id=69128,05/07/1994,26,187,73,305.0,294,24
Saliha Sahin,/en/competition/teams/tur-turkey/players/saliha-sahin?id=69141,05/11/1998,22,185,62,282.0,275,20
Hande Baladin,/en/competition/teams/tur-turkey/players/hande-baladin?id=69124,01/09/1997,23,190,81,309.0,300,21
Tugba Senoglu,/en/competition/teams/tur-turkey/players/tugba-senoglu?id=69140,02/02/1998,22,184,64,275.0,270,20
Meliha Ismailoglu,/en/competition/teams/tur-turkey/players/meliha-ismailoglu?id=69131,17/09/1993,27,188,73,303.0,291,25
Çagla Akin,/en/competition/teams/tur-turkey/players/%c3%a7agla-akin?id=69119,19/01/1995,25,177,70,300.0,280,23
Meryem Boz,/en/competition/teams/tur-turkey/players/meryem-boz?id=69125,03/02/1988,32,190,68,323.0,313,30
Eda Erdem Dündar,/en/competition/teams/tur-turkey/players/eda-erdem-d%c3%bcndar?id=69129,22/06/1987,33,188,74,307.0,297,31
Ebrar Karakurt,/en/competition/teams/tur-turkey/players/ebrar-karakurt?id=69133,17/01/2000,20,196,73,315.0,304,18
Cansu Aydinogullari,/en/competition/teams/tur-turkey/players/cansu-aydinogullari?id=69123,18/02/1992,28,183,70,275.0,270,26
Zehra Gunes,/en/competition/teams/tur-turkey/players/zehra-gunes?id=69130,07/07/1999,21,197,88,319.0,310,19
Asli Kalac,/en/competition/teams/tur-turkey/players/asli-kalac?id=69132,13/12/1995,25,185,73,306.0,297,23
Aylin Sarioğlu,/en/competition/teams/tur-turkey/players/aylin-sario%c4%9flu?id=69139,21/07/1995,25,169,68,300.0,290,23
Asl?Han Kilic,/en/competition/teams/tur-turkey/players/asl%3fhan-kilic?id=69134,21/04/1998,22,178,71,278.0,277,20
Kubra Caliskan,/en/competition/teams/tur-turkey/players/kubra-caliskan?id=69126,13/10/1994,26,198,86,310.0,310,24
Derya Cebecioglu,/en/competition/teams/tur-turkey/players/derya-cebecioglu?id=69127,24/10/2000,20,185,65,290.0,280,18
Güldeniz Önal,/en/competition/teams/tur-turkey/players/g%c3%bcldeniz-%c3%b6nal?id=69135,25/03/1986,34,183,75,302.0,293,32
İlkin Aydin,/en/competition/teams/tur-turkey/players/%c4%b0lkin-aydin?id=69122,05/01/2000,20,183,67,300.0,284,18
Jeyran Imanova,/en/competition/teams/aze-azerbaijan/players/jeyran-imanova?id=67868,03/01/1995,25,165,51,250.0,242,23
Yana Azimova,/en/competition/teams/aze-azerbaijan/players/yana-azimova?id=67861,05/07/1994,26,176,65,290.0,285,24
Anastasiya Gurbanova,/en/competition/teams/aze-azerbaijan/players/anastasiya-gurbanova?id=67865,04/12/1989,31,190,73,305.0,290,29
Leyla Parshkova,/en/competition/teams/aze-azerbaijan/players/leyla-parshkova?id=68366,19/08/1998,22,174,57,230.0,225,20
Odina Aliyeva,/en/competition/teams/aze-azerbaijan/players/odina-aliyeva?id=67863,22/05/1990,30,186,82,315.0,295,28
Ayshan Abdulazimova,/en/competition/teams/aze-azerbaijan/players/ayshan-abdulazimova?id=67858,11/04/1993,27,182,68,265.0,260,25
Olena Hasanova,/en/competition/teams/aze-azerbaijan/players/olena-hasanova?id=67866,25/11/1995,25,187,72,305.0,300,23
Yelyzaveta Samadova,/en/competition/teams/aze-azerbaijan/players/yelyzaveta-samadova?id=67876,03/03/1995,25,185,72,305.0,290,23
Natalya Mammadova,/en/competition/teams/aze-azerbaijan/players/natalya-mammadova?id=67872,02/12/1984,36,196,78,319.0,302,34
Jana Kulan,/en/competition/teams/aze-azerbaijan/players/jana-kulan?id=67871,07/07/1987,33,195,76,318.0,302,31
Katerina Zhidkova,/en/competition/teams/aze-azerbaijan/players/katerina-zhidkova?id=67878,28/09/1989,31,187,68,298.0,285,29
Valeriya Mammadova,/en/competition/teams/aze-azerbaijan/players/valeriya-mammadova?id=67873,29/01/1984,36,171,62,260.0,255,34
Krystsina Yagubova,/en/competition/teams/aze-azerbaijan/players/krystsina-yagubova?id=67877,13/02/1996,24,184,69,295.0,285,22
Aynur Imanova,/en/competition/teams/aze-azerbaijan/players/aynur-imanova?id=67867,07/12/1988,32,189,66,290.0,280,30
Iuliia Karimova,/en/competition/teams/aze-azerbaijan/players/iuliia-karimova?id=67869,07/02/1988,32,176,56,260.0,255,30
Polina Rahimova,/en/competition/teams/aze-azerbaijan/players/polina-rahimova?id=67875,05/06/1990,30,195,73,307.0,290,28
Shafagat Alishanova,/en/competition/teams/aze-azerbaijan/players/shafagat-alishanova?id=67859,03/08/1991,29,178,63,287.0,280,27
Bayaz Aliyeva,/en/competition/teams/aze-azerbaijan/players/bayaz-aliyeva?id=67860,09/06/1990,30,176,65,290.0,285,28
Marharyta Azizova,/en/competition/teams/aze-azerbaijan/players/marharyta-azizova?id=67862,25/04/1993,27,186,70,305.0,300,25
Kseniya Pavlenko,/en/competition/teams/aze-azerbaijan/players/kseniya-pavlenko?id=67874,30/08/1993,27,181,76,300.0,297,25
Maryia Kiryliuk,/en/competition/teams/aze-azerbaijan/players/maryia-kiryliuk?id=69407,16/02/1995,25,187,83,305.0,290,23
Eunjin Park,/en/competition/teams/kor-korea/players/eunjin-park?id=68847,15/12/1999,21,187,74,293.0,283,19
Juah Lee,/en/competition/teams/kor-korea/players/juah-lee?id=68843,21/08/2000,20,185,69,282.0,272,18
Hoyoung Jung,/en/competition/teams/kor-korea/players/hoyoung-jung?id=68832,23/08/2001,19,190,70,285.0,260,17
Minkyoung Hwang,/en/competition/teams/kor-korea/players/minkyoung-hwang?id=68831,02/06/1990,30,174,64,290.0,282,28
Hyo Hee Lee,/en/competition/teams/kor-korea/players/hyo-hee-lee?id=68840,09/09/1980,40,173,58,272.0,252,38
Nayeon Lee,/en/competition/teams/kor-korea/players/nayeon-lee?id=68844,25/03/1992,28,173,62,261.0,241,26
Hae Ran Kim,/en/competition/teams/kor-korea/players/hae-ran-kim?id=68834,16/03/1984,36,168,60,270.0,250,34
Myungok Yim,/en/competition/teams/kor-korea/players/myungok-yim?id=68850,05/05/1986,34,175,62,273.0,253,32
Jiyoung Oh,/en/competition/teams/kor-korea/players/jiyoung-oh?id=69629,11/07/1988,32,170,63,267.0,247,30
Yeon Koung Kim,/en/competition/teams/kor-korea/players/yeon-koung-kim?id=68837,26/02/1988,32,192,73,330.0,320,30
Su Ji Kim,/en/competition/teams/kor-korea/players/su-ji-kim?id=68836,11/07/1987,33,187,68,283.0,273,31
Soyoung Lee,/en/competition/teams/kor-korea/players/soyoung-lee?id=68845,17/10/1994,26,176,68,279.0,269,24
Jeongah Park,/en/competition/teams/kor-korea/players/jeongah-park?id=68848,26/03/1993,27,187,75,300.0,290,25
Hyo Jin Yang,/en/competition/teams/kor-korea/players/hyo-jin-yang?id=68849,14/12/1989,31,190,72,340.0,338,29
Sohwi Kang,/en/competition/teams/kor-korea/players/sohwi-kang?id=68833,18/07/1997,23,180,65,286.0,276,21
Jae-Eun Lee,/en/competition/teams/kor-korea/players/jae-eun-lee?id=68841,11/03/1987,33,176,63,274.0,272,31
Jaeyeong Lee,/en/competition/teams/kor-korea/players/jaeyeong-lee?id=68842,15/10/1996,24,178,65,289.0,279,22
Sooji Han,/en/competition/teams/kor-korea/players/sooji-han?id=68830,01/02/1989,31,182,72,285.0,275,29
Dayeong Lee,/en/competition/teams/kor-korea/players/dayeong-lee?id=68839,15/10/1996,24,180,63,291.0,271,22
Hyun Jung Na,/en/competition/teams/kor-korea/players/hyun-jung-na?id=68846,10/03/1990,30,163,54,257.0,250,28
Yerim Go,/en/competition/teams/kor-korea/players/yerim-go?id=68829,12/06/1994,26,177,61,282.0,272,24
Yeongyeon Kim,/en/competition/teams/kor-korea/players/yeongyeon-kim?id=68838,01/12/1993,27,163,54,267.0,247,25
Yana Shcherban,/en/competition/teams/rus-russia/players/yana-shcherban?id=69306,06/09/1989,31,185,71,298.0,294,29
Daria Talysheva,/en/competition/teams/rus-russia/players/daria-talysheva?id=69309,16/10/1991,29,182,67,295.0,288,27
Ekaterina Efimova,/en/competition/teams/rus-russia/players/ekaterina-efimova?id=69290,03/07/1993,27,192,70,305.0,295,25
Natalia Krotkova,/en/competition/teams/rus-russia/players/natalia-krotkova?id=69297,01/07/1992,28,185,65,305.0,295,26
Iuliia Kutiukova,/en/competition/teams/rus-russia/players/iuliia-kutiukova?id=69299,30/03/1989,31,183,74,296.0,299,29
Irina Koroleva,/en/competition/teams/rus-russia/players/irina-koroleva?id=69295,04/10/1991,29,196,78,305.0,290,27
Tatiana Romanova,/en/competition/teams/rus-russia/players/tatiana-romanova?id=69304,09/09/1994,26,180,69,290.0,275,24
Nataliya Goncharova,/en/competition/teams/rus-russia/players/nataliya-goncharova?id=69293,01/06/1989,31,194,75,315.0,306,29
Alla Galkina,/en/competition/teams/rus-russia/players/alla-galkina?id=69292,15/04/1992,28,178,65,295.0,290,26
Ekaterina Pankova,/en/competition/teams/rus-russia/players/ekaterina-pankova?id=69368,02/02/1990,30,178,64,290.0,285,28
Ekaterina Lyubushkina,/en/competition/teams/rus-russia/players/ekaterina-lyubushkina?id=69301,02/01/1990,30,188,81,300.0,285,28
Daria Ryseva,/en/competition/teams/rus-russia/players/daria-ryseva?id=69305,05/03/1998,22,175,69,282.0,266,20
Evgeniya Startseva,/en/competition/teams/rus-russia/players/evgeniya-startseva?id=69308,12/02/1989,31,185,68,294.0,290,29
Irina Fetisova,/en/competition/teams/rus-russia/players/irina-fetisova?id=69291,07/09/1994,26,190,76,307.0,286,24
Irina Voronkova,/en/competition/teams/rus-russia/players/irina-voronkova?id=69310,20/10/1995,25,190,84,305.0,290,23
Natalia Malykh,/en/competition/teams/rus-russia/players/natalia-malykh?id=69302,08/12/1993,27,187,65,308.0,297,25
Kseniia Parubets,/en/competition/teams/rus-russia/players/kseniia-parubets?id=69303,31/10/1994,26,183,64,300.0,286,24
Olga Biryukova,/en/competition/teams/rus-russia/players/olga-biryukova?id=69289,19/09/1994,26,193,74,300.0,283,24
Daria Malygina,/en/competition/teams/rus-russia/players/daria-malygina?id=69344,04/04/1994,26,202,82,317.0,305,24
Anna Kotikova,/en/competition/teams/rus-russia/players/anna-kotikova?id=69296,13/10/1999,21,185,71,306.0,300,19
Angelina Lazarenko,/en/competition/teams/rus-russia/players/angelina-lazarenko?id=69300,13/04/1998,22,193,80,320.0,305,20
Ekaterina Ulanova,/en/competition/teams/rus-russia/players/ekaterina-ulanova?id=69345,05/08/1986,34,172,61,298.0,290,32
Wipawee Srithong,/en/competition/teams/tha-thailand/players/wipawee-srithong?id=69263,28/01/1999,21,174,65,288.0,266,19
Piyanut Pannoy,/en/competition/teams/tha-thailand/players/piyanut-pannoy?id=69260,10/11/1989,31,171,62,280.0,275,29
Pornpun Guedpard,/en/competition/teams/tha-thailand/players/pornpun-guedpard?id=69249,05/05/1993,27,170,63,288.0,279,25
Thatdao Nuekjang,/en/competition/teams/tha-thailand/players/thatdao-nuekjang?id=69258,03/02/1994,26,184,72,308.0,296,24
Pleumjit Thinkaow,/en/competition/teams/tha-thailand/players/pleumjit-thinkaow?id=69264,09/11/1983,37,180,67,303.0,283,35
Onuma Sittirak,/en/competition/teams/tha-thailand/players/onuma-sittirak?id=69261,13/06/1986,34,175,72,304.0,285,32
Hattaya Bamrungsuk,/en/competition/teams/tha-thailand/players/hattaya-bamrungsuk?id=69245,12/08/1993,27,180,71,292.0,282,25
Watchareeya Nuanjam,/en/competition/teams/tha-thailand/players/watchareeya-nuanjam?id=69257,22/07/1996,24,177,64,292.0,279,22
Jarasporn Bundasak,/en/competition/teams/tha-thailand/players/jarasporn-bundasak?id=69247,01/03/1993,27,181,65,291.0,283,25
Wilavan Apinyapong,/en/competition/teams/tha-thailand/players/wilavan-apinyapong?id=69244,06/06/1984,36,174,70,294.0,282,34
Wanitchaya Luangtonglang,/en/competition/teams/tha-thailand/players/wanitchaya-luangtonglang?id=69255,08/10/1992,28,177,60,300.0,275,26
Tapaphaipun Chaisri,/en/competition/teams/tha-thailand/players/tapaphaipun-chaisri?id=69248,29/11/1989,31,168,70,295.0,276,29
Nootsara Tomkom,/en/competition/teams/tha-thailand/players/nootsara-tomkom?id=69265,07/07/1985,35,169,57,289.0,278,33
Chitaporn Kamlangmak,/en/competition/teams/tha-thailand/players/chitaporn-kamlangmak?id=69251,17/03/1996,24,184,74,290.0,282,22
Malika Kanthong,/en/competition/teams/tha-thailand/players/malika-kanthong?id=69252,08/01/1987,33,178,65,292.0,278,31
Pimpichaya Kokram,/en/competition/teams/tha-thailand/players/pimpichaya-kokram?id=69253,16/06/1998,22,178,62,293.0,283,20
Tichaya Boonlert,/en/competition/teams/tha-thailand/players/tichaya-boonlert?id=69246,14/02/1997,23,179,64,293.0,284,21
Ajcharaporn Kongyot,/en/competition/teams/tha-thailand/players/ajcharaporn-kongyot?id=69254,18/06/1995,25,178,65,298.0,287,23
Chatchu-On Moksri,/en/competition/teams/tha-thailand/players/chatchu-on-moksri?id=69256,06/11/1999,21,178,58,298.0,290,19
Supattra Pairoj,/en/competition/teams/tha-thailand/players/supattra-pairoj?id=69259,27/06/1990,30,160,58,275.0,265,28
Thanacha Sooksod,/en/competition/teams/tha-thailand/players/thanacha-sooksod?id=69262,26/05/2000,20,180,70,283.0,275,18
Hathairat Jarat,/en/competition/teams/tha-thailand/players/hathairat-jarat?id=69250,09/02/1996,24,182,65,286.0,277,22
Hannah Floyd,/en/competition/teams/tto-trinidad%20%20tobago/players/hannah-floyd?id=68793,26/04/1997,23,183,58,309.0,304,21
Jalicia Ross,/en/competition/teams/tto-trinidad%20%20tobago/players/jalicia-ross?id=65479,26/07/1984,36,185,72,308.0,270,34
Channon Thompson,/en/competition/teams/tto-trinidad%20%20tobago/players/channon-thompson?id=65483,29/03/1994,26,181,72,289.0,277,24
Kelly-Anne Billingy,/en/competition/teams/tto-trinidad%20%20tobago/players/kelly-anne-billingy?id=65463,15/05/1986,34,190,87,316.0,303,32
Delicia Pierre,/en/competition/teams/tto-trinidad%20%20tobago/players/delicia-pierre?id=65477,11/10/1991,29,180,79,301.0,285,27
Sinead Jack,/en/competition/teams/tto-trinidad%20%20tobago/players/sinead-jack?id=65472,08/11/1993,27,198,82,310.0,304,25
Kiune Fletcher,/en/competition/teams/tto-trinidad%20%20tobago/players/kiune-fletcher?id=65468,14/05/2002,18,181,64,300.0,265,16
Darlene Ramdin,/en/competition/teams/tto-trinidad%20%20tobago/players/darlene-ramdin?id=65478,05/08/1989,31,187,89,286.0,281,29
Taija Thomas,/en/competition/teams/tto-trinidad%20%20tobago/players/taija-thomas?id=65482,24/10/1996,24,183,66,315.0,280,22
Afesha Olton,/en/competition/teams/tto-trinidad%20%20tobago/players/afesha-olton?id=65476,22/05/1992,28,165,60,200.0,185,26
Renele Forde,/en/competition/teams/tto-trinidad%20%20tobago/players/renele-forde?id=65470,06/08/1990,30,190,82,304.0,295,28
Mikela Mc Gillvery,/en/competition/teams/tto-trinidad%20%20tobago/players/mikela-mc-gillvery?id=65474,16/11/1999,21,192,88,260.0,250,19
Rejeanne Wallace,/en/competition/teams/tto-trinidad%20%20tobago/players/rejeanne-wallace?id=68794,14/05/1996,24,176,76,307.0,301,22
Latisha Morain,/en/competition/teams/tto-trinidad%20%20tobago/players/latisha-morain?id=65475,28/06/1997,23,165,65,185.0,175,21
Krystle Esdelle,/en/competition/teams/tto-trinidad%20%20tobago/players/krystle-esdelle?id=65467,01/08/1984,36,186,67,329.0,299,34
Shakeema Lake,/en/competition/teams/tto-trinidad%20%20tobago/players/shakeema-lake?id=65473,25/08/2000,20,180,70,304.0,290,18
Alexis Aaliyah,/en/competition/teams/tto-trinidad%20%20tobago/players/alexis-aaliyah?id=65460,20/08/1999,21,181,68,286.0,273,19
Afiya Alexander,/en/competition/teams/tto-trinidad%20%20tobago/players/afiya-alexander?id=65461,15/04/2001,19,177,59,220.0,210,17
Rayquelle Dickson,/en/competition/teams/tto-trinidad%20%20tobago/players/rayquelle-dickson?id=66431,22/10/2001,19,161,56,272.0,270,17
Gabriella Supersad,/en/competition/teams/tto-trinidad%20%20tobago/players/gabriella-supersad?id=65481,07/01/2000,20,160,59,205.0,200,18
Micha Hancock,/en/competition/teams/usa-usa/players/micha-hancock?id=67610,10/11/1992,28,180,75,305.0,297,26
Carli Lloyd,/en/competition/teams/usa-usa/players/carli-lloyd?id=67613,06/08/1989,31,180,75,313.0,295,29
Rachael Adams,/en/competition/teams/usa-usa/players/rachael-adams?id=67604,03/06/1990,30,188,79,318.0,307,28
Tetori Dixon,/en/competition/teams/usa-usa/players/tetori-dixon?id=67607,04/08/1992,28,191,83,306.0,295,26
Lauren Carlini,/en/competition/teams/usa-usa/players/lauren-carlini?id=69040,28/02/1995,25,185,75,302.0,295,23
Lauren Gibbemeyer,/en/competition/teams/usa-usa/players/lauren-gibbemeyer?id=67609,08/09/1988,32,187,71,307.0,293,30
Madison Kingdon Rishel,/en/competition/teams/usa-usa/players/madison-kingdon-rishel?id=67615,20/04/1993,27,183,75,307.0,298,25
Jordan Larson,/en/competition/teams/usa-usa/players/jordan-larson?id=67612,16/10/1986,34,188,75,302.0,295,32
Andrea Drews,/en/competition/teams/usa-usa/players/andrea-drews?id=67608,25/12/1993,27,191,77,316.0,312,25
Kelly Murphy,/en/competition/teams/usa-usa/players/kelly-murphy?id=67614,20/10/1989,31,188,79,315.0,307,29
Sarah Wilhite,/en/competition/teams/usa-usa/players/sarah-wilhite?id=68461,30/07/1995,25,185,75,305.0,300,23
Michelle Bartsch-Hackley,/en/competition/teams/usa-usa/players/michelle-bartsch-hackley?id=67606,12/02/1990,30,190,78,305.0,296,28
Kimberly Hill,/en/competition/teams/usa-usa/players/kimberly-hill?id=67611,30/11/1989,31,193,72,320.0,310,29
Foluke Akinradewo,/en/competition/teams/usa-usa/players/foluke-akinradewo?id=67605,05/10/1987,33,191,79,331.0,300,31
Megan Courtney,/en/competition/teams/usa-usa/players/megan-courtney?id=68459,27/10/1993,27,185,61,314.0,300,25
Hannah Tapp,/en/competition/teams/usa-usa/players/hannah-tapp?id=69043,21/06/1995,25,191,77,297.0,290,23
Amanda Benson,/en/competition/teams/usa-usa/players/amanda-benson?id=69045,09/03/1995,25,169,63,265.0,257,23
Simone Lee,/en/competition/teams/usa-usa/players/simone-lee?id=69041,07/10/1996,24,186,70,310.0,305,22
Haleigh Washington,/en/competition/teams/usa-usa/players/haleigh-washington?id=69044,22/09/1995,25,190,82,307.0,295,23
Kelsey Robinson,/en/competition/teams/usa-usa/players/kelsey-robinson?id=67616,25/06/1992,28,188,73,307.0,298,26
Karsta Lowe,/en/competition/teams/usa-usa/players/karsta-lowe?id=68460,02/02/1993,27,194,75,315.0,305,25
Chiaka Ogbogu,/en/competition/teams/usa-usa/players/chiaka-ogbogu?id=69042,15/04/1995,25,188,73,318.0,307,23
Gabriella Souza,/en/competition/teams/bra-brazil/players/gabriella-souza?id=69451,14/12/1993,27,175,69,296.0,273,25
Mara Ferreira Leao,/en/competition/teams/bra-brazil/players/mara-ferreira-leao?id=69443,26/07/1991,29,190,84,320.0,301,27
Danielle Lins,/en/competition/teams/bra-brazil/players/danielle-lins?id=69444,05/01/1985,35,181,68,290.0,276,33
Ana Carolina Da Silva,/en/competition/teams/bra-brazil/players/ana-carolina-da-silva?id=69433,08/04/1991,29,183,73,290.0,290,27
Adenizia Da Silva,/en/competition/teams/bra-brazil/players/adenizia-da-silva?id=69448,18/12/1986,34,185,63,312.0,290,32
Thaisa Daher De Menezes,/en/competition/teams/bra-brazil/players/thaisa-daher-de-menezes?id=69442,15/05/1987,33,196,79,316.0,301,31
Rosamaria Montibeller,/en/competition/teams/bra-brazil/players/rosamaria-montibeller?id=69435,09/04/1994,26,185,76,291.0,285,24
Fernanda Tomé,/en/competition/teams/bra-brazil/players/fernanda-tom%c3%a9?id=69447,10/12/1989,31,195,78,295.0,291,29
Roberta Silva Ratzke,/en/competition/teams/bra-brazil/players/roberta-silva-ratzke?id=69438,28/04/1990,30,185,71,287.0,278,28
Gabriela Braga Guimaraes,/en/competition/teams/bra-brazil/players/gabriela-braga-guimaraes?id=69450,19/05/1994,26,180,65,305.0,289,24
Claudia Bueno Da Silva,/en/competition/teams/bra-brazil/players/claudia-bueno-da-silva?id=69446,21/09/1987,33,181,80,290.0,266,31
Natalia Pereira,/en/competition/teams/bra-brazil/players/natalia-pereira?id=69436,04/04/1989,31,186,83,311.0,295,29
Amanda Francisco,/en/competition/teams/bra-brazil/players/amanda-francisco?id=69449,16/08/1988,32,180,62,304.0,286,30
Drussyla Costa,/en/competition/teams/bra-brazil/players/drussyla-costa?id=69431,01/07/1996,24,182,73,304.0,286,22
Monique Marinho Pavao,/en/competition/teams/bra-brazil/players/monique-marinho-pavao?id=69434,31/10/1986,34,178,67,294.0,285,32
Fernanda Rodrigues,/en/competition/teams/bra-brazil/players/fernanda-rodrigues?id=69445,10/05/1986,34,179,74,308.0,288,32
Suelen Pinto,/en/competition/teams/bra-brazil/players/suelen-pinto?id=69437,04/10/1987,33,166,81,256.0,238,31
Natália Araujo,/en/competition/teams/bra-brazil/players/nat%c3%a1lia-araujo?id=69439,10/04/1997,23,162,59,228.0,215,21
Tandara Caixeta,/en/competition/teams/bra-brazil/players/tandara-caixeta?id=69440,30/10/1988,32,184,87,305.0,297,30
Ana Beatriz Correa,/en/competition/teams/bra-brazil/players/ana-beatriz-correa?id=69430,07/02/1992,28,187,70,298.0,292,26
Mariana Costa,/en/competition/teams/bra-brazil/players/mariana-costa?id=69432,30/07/1986,34,181,73,295.0,283,32
Macris Fernanda Silva Carneiro,/en/competition/teams/bra-brazil/players/macris-fernanda-silva-carneiro?id=69441,03/03/1989,31,178,64,292.0,275,29
Annerys Victoria Vargas Valdez,/en/competition/teams/dom-dominican%20republic/players/annerys-victoria-vargas-valdez?id=68415,07/08/1981,39,196,70,327.0,320,37
Lisvel Elisa Eve Mejia,/en/competition/teams/dom-dominican%20republic/players/lisvel-elisa-eve-mejia?id=68399,10/09/1991,29,194,70,325.0,315,27
Marianne Fersola Norberto,/en/competition/teams/dom-dominican%20republic/players/marianne-fersola-norberto?id=68400,16/01/1992,28,191,60,315.0,310,26
Brenda Castillo,/en/competition/teams/dom-dominican%20republic/players/brenda-castillo?id=68396,05/06/1992,28,167,55,245.0,230,26
Camil Inmaculada Dominguez Martinez,/en/competition/teams/dom-dominican%20republic/players/camil-inmaculada-dominguez-martinez?id=68398,07/12/1991,29,176,75,285.0,270,27
Niverka Dharlenis Marte Frica,/en/competition/teams/dom-dominican%20republic/players/niverka-dharlenis-marte-frica?id=68404,19/10/1990,30,178,71,295.0,283,28
Candida Estefany Arias Perez,/en/competition/teams/dom-dominican%20republic/players/candida-estefany-arias-perez?id=68394,11/03/1992,28,194,68,320.0,315,26
Natalia Martinez,/en/competition/teams/dom-dominican%20republic/players/natalia-martinez?id=68407,25/11/2000,20,186,71,310.0,300,18
Marifranchi Rodriguez,/en/competition/teams/dom-dominican%20republic/players/marifranchi-rodriguez?id=68413,29/08/1990,30,184,68,310.0,300,28
Yokaty Perez Flores,/en/competition/teams/dom-dominican%20republic/players/yokaty-perez-flores?id=68411,06/08/1998,22,178,79,291.0,257,20
Madeline Jazmin Guillen Paredes,/en/competition/teams/dom-dominican%20republic/players/madeline-jazmin-guillen-paredes?id=68402,04/06/2001,19,186,74,273.0,242,17
Prisilla Rivera Brens,/en/competition/teams/dom-dominican%20republic/players/prisilla-rivera-brens?id=68412,29/12/1984,36,183,67,309.0,305,34
Yonkaira Paola Peña Isabel,/en/competition/teams/dom-dominican%20republic/players/yonkaira-paola-pe%c3%b1a-isabel?id=68409,10/05/1993,27,190,70,320.0,310,25
Gina Altagracia Mambru Casilla,/en/competition/teams/dom-dominican%20republic/players/gina-altagracia-mambru-casilla?id=68403,21/01/1986,34,182,65,330.0,315,32
Bethania De La Cruz De Peña,/en/competition/teams/dom-dominican%20republic/players/bethania-de-la-cruz-de-pe%c3%b1a?id=68397,13/05/1987,33,188,70,330.0,320,31
Ana Yorkira Binet Stephens,/en/competition/teams/dom-dominican%20republic/players/ana-yorkira-binet-stephens?id=68395,09/02/1992,28,174,58,280.0,260,26
Brayelin Elizabeth Martinez,/en/competition/teams/dom-dominican%20republic/players/brayelin-elizabeth-martinez?id=68405,11/09/1996,24,201,83,330.0,320,22
Jineiry Martinez,/en/competition/teams/dom-dominican%20republic/players/jineiry-martinez?id=68406,03/12/1997,23,190,68,305.0,280,21
Yaneirys Rodriguez Duran,/en/competition/teams/dom-dominican%20republic/players/yaneirys-rodriguez-duran?id=68414,26/06/2000,20,171,56,280.0,251,18
Gaila Ceneida Gonzalez Lopez,/en/competition/teams/dom-dominican%20republic/players/gaila-ceneida-gonzalez-lopez?id=68401,25/06/1997,23,188,73,304.0,276,21
Vielka Michelle Peralta Luna,/en/competition/teams/dom-dominican%20republic/players/vielka-michelle-peralta-luna?id=68410,13/04/1999,21,186,56,310.0,305,19
Larysmer Martinez Caro,/en/competition/teams/dom-dominican%20republic/players/larysmer-martinez-caro?id=68408,18/10/1996,24,174,68,288.0,258,22
Tatyana Fendrikova,/en/competition/teams/kaz-kazakhstan/players/tatyana-fendrikova?id=68482,23/02/1990,30,169,55,280.0,275,28
Sana Anarkulova,/en/competition/teams/kaz-kazakhstan/players/sana-anarkulova?id=68475,21/07/1989,31,188,77,300.0,280,29
Yekaterina Zhdanova,/en/competition/teams/kaz-kazakhstan/players/yekaterina-zhdanova?id=68494,28/05/1992,28,183,65,280.0,270,26
Marina Storozhenko,/en/competition/teams/kaz-kazakhstan/players/marina-storozhenko?id=68489,06/06/1985,35,175,57,290.0,280,33
Natalya Akilova,/en/competition/teams/kaz-kazakhstan/players/natalya-akilova?id=68473,31/05/1993,27,183,62,295.0,275,25
Inna Yakovleva,/en/competition/teams/kaz-kazakhstan/players/inna-yakovleva?id=68493,04/03/1988,32,177,65,208.0,217,30
Korinna Ishimtseva,/en/competition/teams/kaz-kazakhstan/players/korinna-ishimtseva?id=68483,08/02/1984,36,187,69,300.0,290,34
Olga Drobyshevskaya,/en/competition/teams/kaz-kazakhstan/players/olga-drobyshevskaya?id=68481,22/09/1985,35,185,75,305.0,293,33
Aliya Sadykova,/en/competition/teams/kaz-kazakhstan/players/aliya-sadykova?id=68487,01/08/1988,32,174,63,293.0,281,30
Katerina Tatko,/en/competition/teams/kaz-kazakhstan/players/katerina-tatko?id=68491,15/12/1992,28,182,70,285.0,275,26
Yana Petrenko,/en/competition/teams/kaz-kazakhstan/players/yana-petrenko?id=68485,30/07/1990,30,181,71,297.0,265,28
Radmila Beresneva,/en/competition/teams/kaz-kazakhstan/players/radmila-beresneva?id=68479,06/06/1983,37,185,70,300.0,295,35
Alessya Safronova,/en/competition/teams/kaz-kazakhstan/players/alessya-safronova?id=68488,10/02/1986,34,192,70,290.0,280,32
Aliya Batkuldina,/en/competition/teams/kaz-kazakhstan/players/aliya-batkuldina?id=68477,18/11/1995,25,181,74,273.0,264,23
Yekaterina Razorenkova,/en/competition/teams/kaz-kazakhstan/players/yekaterina-razorenkova?id=68486,03/06/1993,27,185,69,283.0,280,25
Alla Bogdashkina,/en/competition/teams/kaz-kazakhstan/players/alla-bogdashkina?id=68480,22/08/1985,35,185,65,275.0,270,33
Kristina Anikonova,/en/competition/teams/kaz-kazakhstan/players/kristina-anikonova?id=68476,05/01/1991,29,183,73,295.0,285,27
Kristina Belova,/en/competition/teams/kaz-kazakhstan/players/kristina-belova?id=68478,29/11/1998,22,182,72,244.0,285,20
Sabina Altynbekova,/en/competition/teams/kaz-kazakhstan/players/sabina-altynbekova?id=68474,05/11/1996,24,182,59,280.0,269,22
Zhanna Syroeshkina,/en/competition/teams/kaz-kazakhstan/players/zhanna-syroeshkina?id=68490,04/06/1999,21,182,77,244.0,232,19
Yana Yagodina,/en/competition/teams/kaz-kazakhstan/players/yana-yagodina?id=68492,24/01/1993,27,182,69,300.0,285,25
Kristina Karapetan,/en/competition/teams/kaz-kazakhstan/players/kristina-karapetan?id=68484,03/08/1992,28,185,73,280.0,272,26
Jane Wacu Wairimu,/en/competition/teams/ken-kenya/players/jane-wacu-wairimu?id=69029,24/03/1985,35,175,60,299.0,286,33
Christine Psiwa,/en/competition/teams/ken-kenya/players/christine-psiwa?id=69028,01/04/1992,28,175,62,301.0,298,26
Violet Makuto,/en/competition/teams/ken-kenya/players/violet-makuto?id=69037,20/05/1993,27,167,65,298.0,290,25
Leonida Kasaya,/en/competition/teams/ken-kenya/players/leonida-kasaya?id=69024,10/10/1993,27,168,67,297.0,292,25
Sharon Chepchumba Kiprono,/en/competition/teams/ken-kenya/players/sharon-chepchumba-kiprono?id=69033,26/10/1998,22,183,82,293.0,281,20
Joy Lusenaka,/en/competition/teams/ken-kenya/players/joy-lusenaka?id=69142,25/02/1991,29,180,62,302.0,290,27
Janet Wanja,/en/competition/teams/ken-kenya/players/janet-wanja?id=69030,24/02/1984,36,175,59,299.0,287,34
Trizah Atuka,/en/competition/teams/ken-kenya/players/trizah-atuka?id=69023,14/04/1992,28,188,65,298.0,293,26
Elizabeth Wanyama,/en/competition/teams/ken-kenya/players/elizabeth-wanyama?id=69031,27/05/1987,33,174,68,270.0,260,31
Noel Murambi,/en/competition/teams/ken-kenya/players/noel-murambi?id=69035,29/01/1989,31,178,68,302.0,297,29
Celestine Nafula,/en/competition/teams/ken-kenya/players/celestine-nafula?id=69146,09/07/1996,24,150,52,255.0,200,22
Pamela Jepkirui,/en/competition/teams/ken-kenya/players/pamela-jepkirui?id=69145,08/02/1996,24,175,69,260.0,233,22
Naomie Too,/en/competition/teams/ken-kenya/players/naomie-too?id=69149,24/04/1992,28,184,75,293.0,290,26
Mercy Moim,/en/competition/teams/ken-kenya/players/mercy-moim?id=69026,01/01/1989,31,183,72,320.0,308,29
Lorine Chebet Kaei,/en/competition/teams/ken-kenya/players/lorine-chebet-kaei?id=69032,08/10/1999,21,179,69,285.0,270,19
Agripina Kundu,/en/competition/teams/ken-kenya/players/agripina-kundu?id=69025,24/04/1993,27,165,66,294.0,288,25
Gaudencia Makokha,/en/competition/teams/ken-kenya/players/gaudencia-makokha?id=69143,15/11/1992,28,187,68,280.0,270,26
Emmaculate Chemtai,/en/competition/teams/ken-kenya/players/emmaculate-chemtai?id=69036,14/10/1993,27,180,68,300.0,285,25
Edith Mukuvilani,/en/competition/teams/ken-kenya/players/edith-mukuvilani?id=69027,20/07/1994,26,184,72,298.0,292,24
Everlyne Makuto,/en/competition/teams/ken-kenya/players/everlyne-makuto?id=69144,25/08/1990,30,181,64,328.0,308,28
Nancy Mulonza,/en/competition/teams/ken-kenya/players/nancy-mulonza?id=69148,29/03/1983,37,175,68,280.0,287,35
Carolyne Sirengo,/en/competition/teams/ken-kenya/players/carolyne-sirengo?id=69147,04/11/1997,23,179,70,280.0,240,21
Daly Santana,/en/competition/teams/pur-puerto%20rico/players/daly-santana?id=69110,19/02/1995,25,182,72,272.0,267,23
Shara Venegas,/en/competition/teams/pur-puerto%20rico/players/shara-venegas?id=69114,18/09/1992,28,172,58,280.0,270,26
Valeria A. Leon,/en/competition/teams/pur-puerto%20rico/players/valeria-a-leon?id=69102,21/11/1995,25,166,67,248.0,242,23
Raymariely Santos,/en/competition/teams/pur-puerto%20rico/players/raymariely-santos?id=69112,13/04/1992,28,183,72,290.0,288,26
Julymar Lorelys Otero Perez,/en/competition/teams/pur-puerto%20rico/players/julymar-lorelys-otero-perez?id=69107,31/10/1996,24,177,65,235.0,239,22
Lynda Morales,/en/competition/teams/pur-puerto%20rico/players/lynda-morales?id=69103,20/05/1988,32,188,74,302.0,296,30
Stephanie Enright,/en/competition/teams/pur-puerto%20rico/players/stephanie-enright?id=69098,15/12/1990,30,179,56,300.0,292,28
Jennifer Nogueras,/en/competition/teams/pur-puerto%20rico/players/jennifer-nogueras?id=69104,01/08/1991,29,185,88,299.0,292,27
Aurea Cruz,/en/competition/teams/pur-puerto%20rico/players/aurea-cruz?id=69097,10/01/1982,38,180,63,310.0,290,36
Jennifer Quesada,/en/competition/teams/pur-puerto%20rico/players/jennifer-quesada?id=69108,22/02/1992,28,188,71,299.0,295,26
Karina Ocasio,/en/competition/teams/pur-puerto%20rico/players/karina-ocasio?id=69105,01/08/1985,35,192,76,298.0,288,33
Neira Ortiz,/en/competition/teams/pur-puerto%20rico/players/neira-ortiz?id=69118,06/07/1993,27,192,68,262.0,256,25
Shirley Ferrer,/en/competition/teams/pur-puerto%20rico/players/shirley-ferrer?id=69099,23/06/1991,29,180,63,290.0,293,27
Natalia Valentin,/en/competition/teams/pur-puerto%20rico/players/natalia-valentin?id=69113,12/09/1989,31,170,61,244.0,240,29
Jenselyn Morales,/en/competition/teams/pur-puerto%20rico/players/jenselyn-morales?id=69174,07/06/1999,21,183,63,247.0,242,19
Noami Santos,/en/competition/teams/pur-puerto%20rico/players/noami-santos?id=69111,29/11/1993,27,192,63,309.0,300,25
Alba Hernandez,/en/competition/teams/pur-puerto%20rico/players/alba-hernandez?id=69100,03/10/1994,26,207,87,305.0,293,24
Ana Sofia Jusino,/en/competition/teams/pur-puerto%20rico/players/ana-sofia-jusino?id=69101,05/01/1994,26,189,65,310.0,294,24
Sofia Victoria,/en/competition/teams/pur-puerto%20rico/players/sofia-victoria?id=69116,03/05/2002,18,180,69,284.0,279,16
Pilar Marie Victoria,/en/competition/teams/pur-puerto%20rico/players/pilar-marie-victoria?id=69115,11/10/1995,25,182,53,301.0,268,23
Adriana Vinas Joy,/en/competition/teams/pur-puerto%20rico/players/adriana-vinas-joy?id=69117,01/03/1994,26,178,74,245.0,237,24
Diana Reyes,/en/competition/teams/pur-puerto%20rico/players/diana-reyes?id=69109,29/04/1993,27,191,80,303.0,299,25
Bianka Busa,/en/competition/teams/srb-serbia/players/bianka-busa?id=69350,25/07/1994,26,187,74,312.0,298,24
Katarina Lazovic,/en/competition/teams/srb-serbia/players/katarina-lazovic?id=69353,12/09/1999,21,182,65,290.0,277,19
Sanja Malagurski,/en/competition/teams/srb-serbia/players/sanja-malagurski?id=69355,08/06/1990,30,193,74,305.0,295,28
Bojana Drca,/en/competition/teams/srb-serbia/players/bojana-drca?id=69367,29/03/1988,32,186,70,298.0,283,30
Maja Savic,/en/competition/teams/srb-serbia/players/maja-savic?id=69364,14/08/1993,27,189,70,305.0,295,25
Tijana Malesevic,/en/competition/teams/srb-serbia/players/tijana-malesevic?id=69356,18/03/1991,29,185,78,300.0,286,27
Ana Antonijevic,/en/competition/teams/srb-serbia/players/ana-antonijevic?id=69347,26/08/1987,33,185,71,282.0,269,31
Sladjana Mirkovic,/en/competition/teams/srb-serbia/players/sladjana-mirkovic?id=69359,07/10/1995,25,185,78,293.0,283,23
Brankica Mihajlovic,/en/competition/teams/srb-serbia/players/brankica-mihajlovic?id=69357,13/04/1991,29,190,83,302.0,290,27
Maja Ognjenovic,/en/competition/teams/srb-serbia/players/maja-ognjenovic?id=69360,06/08/1984,36,183,67,300.0,293,34
Stefana Veljkovic,/en/competition/teams/srb-serbia/players/stefana-veljkovic?id=69366,09/01/1990,30,190,76,325.0,310,28
Teodora Pusic,/en/competition/teams/srb-serbia/players/teodora-pusic?id=69362,12/03/1993,27,170,58,270.0,260,25
Ana Bjelica,/en/competition/teams/srb-serbia/players/ana-bjelica?id=69348,03/04/1992,28,190,78,310.0,305,26
Maja Aleksic,/en/competition/teams/srb-serbia/players/maja-aleksic?id=69346,06/06/1997,23,188,72,302.0,289,21
Jovana Stevanovic,/en/competition/teams/srb-serbia/players/jovana-stevanovic?id=69365,30/06/1992,28,192,72,308.0,295,26
Milena Rasic,/en/competition/teams/srb-serbia/players/milena-rasic?id=69363,25/10/1990,30,193,72,315.0,310,28
Silvija Popovic,/en/competition/teams/srb-serbia/players/silvija-popovic?id=69361,15/03/1986,34,178,65,286.0,276,32
Tijana Boškovic,/en/competition/teams/srb-serbia/players/tijana-bo%c5%a1kovic?id=69349,08/03/1997,23,193,82,315.0,300,21
Bojana Milenkovic,/en/competition/teams/srb-serbia/players/bojana-milenkovic?id=69358,06/03/1997,23,185,70,294.0,288,21
Ana Zivojinovic,/en/competition/teams/srb-serbia/players/ana-zivojinovic?id=69352,04/07/1991,29,186,74,280.0,268,27
Jovana Kocic,/en/competition/teams/srb-serbia/players/jovana-kocic?id=69351,24/02/1998,22,190,85,290.0,285,20
Sara Lozo,/en/competition/teams/srb-serbia/players/sara-lozo?id=69354,29/04/1997,23,186,61,295.0,290,21
